{"Grand Rapids, MI": [42.9632405, -85.6678639], "White Plains, NY": [41.0339862, -73.7629097], "Indianapolis, IN": [39.7683331, -86.1583502], "Denver, CO": [39.7392364, -104.984862], "Sarasota/Bradenton, FL": [27.395988350000003, -82.55407423064528], "Fort Lauderdale, FL": [26.1223084, -80.1433786], "Phoenix, AZ": [33.4484367, -112.074141], "Washington, DC": [38.8950368, -77.0365427], "Dallas/Fort Worth, TX": [32.89651945, -97.0465220537124], "Chicago, IL": [41.8755616, -87.6244212], "San Francisco, CA": [37.7790262, -122.419906], "San Juan, PR": [18.465299, -66.116666], "Syracuse, NY": [43.0481221, -76.1474244], "Los Angeles, CA": [34.0536909, -118.242766], "Omaha, NE": [41.2587459, -95.9383758], "Miami, FL": [25.7741728, -80.19362], "New York, NY": [40.7127281, -74.0060152], "Philadelphia, PA": [39.9527237, -75.1635262], "College Station/Bryan, TX": [30.63009225, -96.33683659611643], "Nashville, TN": [36.1622767, -86.7742984], "Charlotte, NC": [35.2272086, -80.8430827], "Burlington, VT": [44.4761601, -73.212906], "Atlanta, GA": [33.7489924, -84.3902644], "Fort Myers, FL": [26.640628, -81.8723084], "Newark, NJ": [40.735657, -74.1723667], "Minneapolis, MN": [44.9772995, -93.2654692], "Santa Ana, CA": [33.7494951, -117.8732213], "Baltimore, MD": [39.2908816, -76.610759], "San Jose, CA": [37.3361663, -121.890591], "Hartford, CT": [41.764582, -72.6908547], "Boise, ID": [43.6166163, -116.200886], "Houston, TX": [29.7589382, -95.3676974], "Raleigh/Durham, NC": [35.880361449999995, -78.78723821716514], "Little Rock, AR": [34.7465071, -92.2896267], "Charleston, SC": [32.7876012, -79.9402728], "Salt Lake City, UT": [40.7596198, -111.8867975], "Cincinnati, OH": [39.1014537, -84.5124602], "Brownsville, TX": [25.9140277, -97.4890879], "Boston, MA": [42.3554334, -71.060511], "Sacramento, CA": [38.5810606, -121.493895], "Jackson/Vicksburg, MS": [32.3629767, -90.8404147], "Bangor, ME": [44.8011821, -68.7778138], "Kansas City, MO": [39.100105, -94.5781416], "Orlando, FL": [28.5421109, -81.3790304], "Colorado Springs, CO": [38.8339578, -104.825348], "Detroit, MI": [42.3315509, -83.0466403], "Green Bay, WI": [44.5126379, -88.0125794], "Birmingham, AL": [33.5206824, -86.8024326], "Muskegon, MI": [43.2341813, -86.2483921], "Columbus, OH": [39.9622601, -83.0007065], "Palm Springs, CA": [33.772179449999996, -116.49529769683983], "Seattle, WA": [47.6038321, -122.330062], "Pittsburgh, PA": [40.4416941, -79.9900861], "Ithaca/Cortland, NY": [42.4427062, -76.4699855], "Hayden, CO": [47.7590638, -116.7866807], "Augusta, GA": [33.4709714, -81.9748429], "Roanoke, VA": [37.270973, -79.9414313], "Las Vegas, NV": [36.1672559, -115.148516], "Dallas, TX": [32.7762719, -96.7968559], "Austin, TX": [30.2711286, -97.7436995], "St. Louis, MO": [38.6319657, -90.2428756], "Tulsa, OK": [36.1563122, -95.9927436], "Lexington, KY": [38.0464066, -84.4970393], "Columbia, MO": [38.951883, -92.3337366], "West Palm Beach/Palm Beach, FL": [26.715364, -80.0532942], "Brunswick, GA": [31.1499528, -81.4914894], "Burbank, CA": [34.1816482, -118.3258554], "Portland, OR": [45.5202471, -122.674194], "Richmond, VA": [37.5385087, -77.43428], "Spokane, WA": [47.6571934, -117.42351], "Jacksonville, FL": [30.3321838, -81.655651], "Springfield, MO": [37.1968298, -93.2946576], "Albuquerque, NM": [35.0841034, -106.650985], "Portland, ME": [43.6610277, -70.2548596], "Panama City, FL": [30.1600827, -85.6545729], "Long Beach, CA": [33.7690164, -118.191604], "Savannah, GA": [32.0564572, -81.0951271], "El Paso, TX": [31.7865623, -106.441207], "Tampa, FL": [27.9477595, -82.458444], "New Orleans, LA": [29.9759983, -90.0782127], "Fayetteville, NC": [35.0525759, -78.878292], "Mission/McAllen/Edinburg, TX": [26.2159066, -98.3252932], "Meridian, MS": [32.3643098, -88.703656], "Oakland, CA": [37.8044557, -122.271356], "Kodiak, AK": [57.79, -152.4072222], "Knoxville, TN": [35.9603948, -83.9210261], "Eugene, OR": [44.0505054, -123.0950506], "Lafayette, LA": [30.2043259, -92.0298813], "Sanford, FL": [28.8117345, -81.2680223], "Great Falls, MT": [47.5048851, -111.29189], "Asheville, NC": [35.6009498, -82.5540161], "Nome, AK": [64.4989922, -165.39879944316317], "San Diego, CA": [32.7174202, -117.1627728], "Greensboro/High Point, NC": [36.06146415, -79.96049948393258], "Allentown/Bethlehem/Easton, PA": [40.651163100000005, -75.44225386838299], "Yuma, AZ": [32.665135, -114.47603157249804], "Wichita, KS": [37.6922361, -97.3375448], "Rochester, NY": [43.157285, -77.615214], "Tallahassee, FL": [30.4380832, -84.2809332], "Milwaukee, WI": [43.0349931, -87.922497], "Moline, IL": [41.5058344, -90.5136642], "Huntsville, AL": [34.729847, -86.5859011], "Monterey, CA": [36.2231079, -121.387742], "Columbus, GA": [32.4610708, -84.9880449], "Flint, MI": [43.0161693, -83.6900211], "Corpus Christi, TX": [27.7635302, -97.4033191], "Buffalo, NY": [42.8867166, -78.8783922], "Islip, NY": [40.7300685, -73.2107266], "Bismarck/Mandan, ND": [46.8060593, -100.8267395], "Twin Falls, ID": [42.5704456, -114.4602554], "Grand Junction, CO": [39.063956, -108.5507317], "Ontario, CA": [50.000678, -86.000977], "Kona, HI": [19.6472213, -155.9966428], "Reno, NV": [39.5261206, -119.8126581], "Billings, MT": [45.7874957, -108.49607], "Dayton, OH": [39.7589478, -84.1916069], "Fairbanks, AK": [64.837845, -147.716675], "Key West, FL": [24.5625566, -81.7724368], "Duluth, MN": [46.7729322, -92.1251218], "Chattanooga, TN": [35.0457219, -85.3094883], "Scranton/Wilkes-Barre, PA": [41.33709205, -75.72257122928625], "Manchester, NH": [42.9956397, -71.4547891], "Kahului, HI": [20.8747708, -156.4529879461996], "Santa Barbara, CA": [34.4221319, -119.702667], "Memphis, TN": [35.1335022, -89.9668758], "Providence, RI": [41.8239891, -71.4128343], "Albany, NY": [42.6511674, -73.754968], "Cedar Rapids/Iowa City, IA": [41.9758872, -91.6704053], "Appleton, WI": [44.2613967, -88.4069744], "Valparaiso, FL": [30.5085309, -86.5027282], "Fort Wayne, IN": [41.0799898, -85.1386015], "Harlingen/San Benito, TX": [26.1907543, -97.6960599], "San Antonio, TX": [29.4246002, -98.4951405], "Bloomington/Normal, IL": [40.508752, -88.9844947], "Des Moines, IA": [41.5910323, -93.6046655], "Gainesville, FL": [29.6519684, -82.3249846], "Tucson, AZ": [32.2228765, -110.9748477], "Oklahoma City, OK": [35.4729886, -97.5170536], "Bemidji, MN": [47.4785418, -94.8907869], "Anchorage, AK": [61.2163129, -149.894852], "Hibbing, MN": [47.427155, -92.937689], "Myrtle Beach, SC": [33.6956461, -78.8900409], "Shreveport, LA": [32.4707862, -93.7559378], "Punta Gorda, FL": [26.9297836, -82.0453664], "Medford, OR": [42.3264181, -122.8718605], "Gulfport/Biloxi, MS": [30.40711375, -89.07143302103171], "Arcata/Eureka, CA": [40.9763645, -124.10842589937442], "Fayetteville, AR": [36.0625843, -94.1574328], "Pasco/Kennewick/Richland, WA": [46.1738912, -119.0676393], "Fresno, CA": [36.7295295, -119.70886126075588], "Jacksonville/Camp Lejeune, NC": [34.776723700000005, -77.38983364228667], "Paducah, KY": [37.0833893, -88.6000478], "Montrose/Delta, CO": [38.4135673, -107.8760881], "Watertown, NY": [43.9747838, -75.9107565], "Columbia, SC": [34.0007493, -81.0343313], "Presque Isle/Houlton, ME": [46.661867799999996, -68.01074889363161], "Saipan, TT": [34.15719, -119.199293], "Hilo, HI": [19.7073734, -155.08158], "Lubbock, TX": [33.5635206, -101.879336], "Madison, WI": [43.074761, -89.3837613], "Rock Springs, WY": [41.5860557, -109.2194544], "Devils Lake, ND": [48.112779, -98.86512], "Erie, PA": [42.1294712, -80.0852695], "Sioux Falls, SD": [43.5488256, -96.7307737], "Peoria, IL": [40.6938609, -89.5891008], "Killeen, TX": [31.1171441, -97.727796], "Idaho Falls, ID": [43.4887907, -112.03628], "Midland/Odessa, TX": [31.832019, -102.362538], "Rapid City, SD": [44.0869329, -103.2274481], "Bellingham, WA": [48.7544012, -122.478836], "St. George, UT": [37.104153, -113.5841313], "Manhattan/Ft. Riley, KS": [39.1713656, -96.59393685497088], "Bend/Redmond, OR": [44.2165084, -121.2150324], "St. Petersburg, FL": [27.7703796, -82.6695085],